<?xml version="1.0" encoding="utf-8"?>
<extension version="3.5" type="plugin" group="tags" method="upgrade">
	<name>PLG_TAGS_CONTENT</name>
	<creationDate>09.08.2016</creationDate>
	<author>Kevin Scheithauer</author>
	<authorEmail>kevin.scheithauer@mni.thm.de</authorEmail>
	<authorUrl>https://github.com/kevinscheithauer/contentplugin</authorUrl>
	<copyright>A copyright</copyright>
	<license>GNU General Public License version 2 or later; see LICENSE.txt</license>
	<version>1.0</version>
	<description>PLG_TAGS_CONTENT_XML_DESCRIPTION</description>

	<!-- Language files -->
	<languages folder="language">
		<language tag="en-GB">en-GB/en-GB.plg_tags_content.ini</language>
		<language tag="en-GB">en-GB/en-GB.plg_tags_content.sys.ini</language>
	</languages>

	<!-- Plugin files -->
	<files>
		<filename plugin="content">content.php</filename>
		<folder>language</folder>
	</files>

</extension>
