<?xml version="1.0" encoding="utf-8"?>
<extension version="3.5" type="plugin" group="tags" method="upgrade">
	<name>Tags - Category Parameters</name>
	<creationDate>09.08.2016</creationDate>
	<author>Kevin</author>
	<authorEmail>your@email.com</authorEmail>
	<authorUrl>http://your.url.com</authorUrl>
	<copyright>A copyright</copyright>
	<license>GNU General Public License version 2 or later; see LICENSE.txt</license>
	<version>1.0</version>
	<description>PLG_CATEGORY_XML_DESCRIPTION</description>

	<!-- Scripts to run on installation -->
	<scriptfile></scriptfile>

	<!-- Language files -->
	<languages folder="language">
		<language tag="en-GB">en-GB/en-GB.plg_tags_category.ini</language>
		<language tag="en-GB">en-GB/en-GB.plg_tags_category.sys.ini</language>
	</languages>

	<!-- Plugin files -->
	<files>
		<filename plugin="category">category.php</filename>
		<folder>language</folder>
	</files>

	<!-- Config parameter -->
	<config>
		<fields name="params">
			<fieldset name="basic">
				<field
					name="sample"
					type="text"
					default="42"
					label="PLG_CATEGORY_SAMPLE_LABEL"
					description="PLG_CATEGORY_SAMPLE_DESCRIPTION"
				/>
			</fieldset>
		</fields>
	</config>

	<!-- Update servers -->
	<updateservers>
		<server type="extension" priority="1" name="category">https://www.example.com/plg_category.xml</server>
	</updateservers>
</extension>
