<?xml version="1.0" encoding="utf-8"?>
<extension version="1.6" type="plugin" group="search">
	<name>Search - Fieldsattachment</name>
	<author>Cristian Grañó Reder</author>
	<creationDate>11-12-2011</creationDate>
	<copyright>Copyright (C) 2005 - 2011 Open Source Matters. All rights reserved.</copyright>
	<license>http://www.gnu.org/licenses/gpl-2.0.html GNU/GPL</license>
	<authorEmail>cristiangrano@hotmail.com	</authorEmail>
	<authorUrl>www.percha.com</authorUrl>
	<version>0.1 beta</version>
	<description>Seach on the extra fields</description>
	<files>
		<filename plugin="fieldsattachment">fieldsattachment.php</filename> 
	</files>
	 
</extension>
